{
  "puzzle": "puzzle_82345d3e2e792ef977f3b961f90d4e732a275c218f82d71e203fafa6da932a7a.json",
  "metrics": {
    "min_moves": 22,
    "num_states": 390,
    "articulation_points_optimal": 7,
    "avg_branching_factor": 3.753846153846154,
    "variancia_branching_factor": 1.3703539041011292
  },
  "stars": 4
}