{
  "puzzle": "puzzle_a6552eee0c4a931474f7c9c431c24de44f3f19e3fc50364aa449181df08d7249.json",
  "metrics": {
    "min_moves": 52,
    "num_states": 569138,
    "articulation_points_optimal": 22,
    "avg_branching_factor": 5.8676138300377065,
    "variancia_branching_factor": 1.6456501244467874
  },
  "stars": 4
}