{
  "puzzle": "puzzle_510ab7b0dbb78922d3a6c8c399f24f0eb8e335a561433f778fa8a1f55da894d4.json",
  "metrics": {
    "min_moves": 17,
    "num_states": 10464,
    "articulation_points_optimal": 8,
    "avg_branching_factor": 6.297782874617737,
    "variancia_branching_factor": 1.5817464050408419
  },
  "stars": 4
}