{
  "puzzle": "puzzle_0093825c855457012919e04e3de946df052e09ccafed5e6f97c87f1f1fe1cc28.json",
  "metrics": {
    "min_moves": 45,
    "num_states": 7328,
    "articulation_points_optimal": 12,
    "avg_branching_factor": 3.6200873362445414,
    "variancia_branching_factor": 1.170875830612705
  },
  "stars": 4
}