{
  "puzzle": "puzzle_36454aaf1cfcbf71d11f4ab073112a9cb9ce6427f6397f9cf82d660aaaeaaae1.json",
  "metrics": {
    "min_moves": 96,
    "num_states": 32928,
    "articulation_points_optimal": 24,
    "avg_branching_factor": 4.800777453838679,
    "variancia_branching_factor": 1.5314675907675486
  },
  "stars": 4
}