{
  "puzzle": "puzzle_ebc25520629f258134d0b19d37dec6d8f1416071ec656ba883cd73b61fa65518.json",
  "metrics": {
    "min_moves": 31,
    "num_states": 161,
    "articulation_points_optimal": 12,
    "avg_branching_factor": 3.0559006211180124,
    "variancia_branching_factor": 1.0230173808652565
  },
  "stars": 4
}