{
  "puzzle": "puzzle_3cdca299415077b968d6a86bcc51b413eebaaa2b16d9c1475d24d82cb90d31fb.json",
  "metrics": {
    "min_moves": 18,
    "num_states": 39204,
    "articulation_points_optimal": 8,
    "avg_branching_factor": 5.052596673808795,
    "variancia_branching_factor": 1.3214146824709678
  },
  "stars": 4
}