{
  "puzzle": "puzzle_94eb6007ed79b3d8f74b0a282347dcada36877a35dab03e5ba0aa091c19d01a3.json",
  "metrics": {
    "min_moves": 8,
    "num_states": 546,
    "articulation_points_optimal": 3,
    "avg_branching_factor": 4.131868131868132,
    "variancia_branching_factor": 1.175533153537155
  },
  "stars": 3
}