{
  "puzzle": "puzzle_9634595ae04f8f70276c5558bcbe18680702ee2a41582ee3a5b42ab55f04dabc.json",
  "metrics": {
    "min_moves": 7,
    "num_states": 1575,
    "articulation_points_optimal": 6,
    "avg_branching_factor": 4.6374603174603175,
    "variancia_branching_factor": 1.191501611285162
  },
  "stars": 3
}