{
  "puzzle": "puzzle_5414cf3bb6eb6ef233b850b5227666dc57e6e337e06d5b4d21f1055954db7eb8.json",
  "metrics": {
    "min_moves": 3,
    "num_states": 12,
    "articulation_points_optimal": 0,
    "avg_branching_factor": 2.8333333333333335,
    "variancia_branching_factor": 0.6871842709362768
  },
  "stars": 2
}