{
  "puzzle": "puzzle_f1964b2d4744175b04c5005cefc2c4662c7b801211124b881756a1e8a84c8cf4.json",
  "metrics": {
    "min_moves": 29,
    "num_states": 431,
    "articulation_points_optimal": 5,
    "avg_branching_factor": 3.823665893271462,
    "variancia_branching_factor": 1.111632865883294
  },
  "stars": 4
}