{
  "puzzle": "puzzle_9ca84f2141934700d647b0d13c7c688bf6abe9262ce5186f3bc6ebd3adb7cf01.json",
  "metrics": {
    "min_moves": 18,
    "num_states": 1694,
    "articulation_points_optimal": 4,
    "avg_branching_factor": 5.0271546635183,
    "variancia_branching_factor": 1.2371537977036107
  },
  "stars": 3
}