{
  "puzzle": "puzzle_d6e3e8aeb2c8a6dd9e1bd2bf3b470756bdb43378275167d943c72b9731d9a3f2.json",
  "metrics": {
    "min_moves": 55,
    "num_states": 900802,
    "articulation_points_optimal": 16,
    "avg_branching_factor": 4.995492905211134,
    "variancia_branching_factor": 1.5504185296973987
  },
  "stars": 4
}