{
  "puzzle": "puzzle_3e653fd5c15993d490faffd50e442d4e78ae1166524f8c8c22a0edb2c61af1c2.json",
  "metrics": {
    "min_moves": 76,
    "num_states": 27381,
    "articulation_points_optimal": 18,
    "avg_branching_factor": 4.1455753989993065,
    "variancia_branching_factor": 1.3774485350044512
  },
  "stars": 4
}