{
  "puzzle": "puzzle_a174f499c15ebd280855f2d8edf7703a65943f6cc4a18e200d28652d82b41314.json",
  "metrics": {
    "min_moves": 15,
    "num_states": 2057,
    "articulation_points_optimal": 1,
    "avg_branching_factor": 4.701993193971804,
    "variancia_branching_factor": 1.445210995508445
  },
  "stars": 3
}